<?xml version="1.0" encoding="UTF-8"?>
<project-private xmlns="http://www.netbeans.org/ns/project-private/1">
    <editor-bookmarks xmlns="http://www.netbeans.org/ns/editor-bookmarks/2" lastBookmarkId="0"/>
    <open-files xmlns="http://www.netbeans.org/ns/projectui-open-files/2">
        <group>
            <file>file:/D:/JAVA/JavaApplication22/src/javaapplication22/Pembeli.java</file>
            <file>file:/D:/JAVA/JavaApplication22/src/javaapplication22/InputKategori.java</file>
            <file>file:/D:/JAVA/JavaApplication22/src/javaapplication22/database/DatabaseMenu.java</file>
            <file>file:/D:/JAVA/JavaApplication22/src/javaapplication22/MenuUtama.java</file>
            <file>file:/D:/JAVA/JavaApplication22/src/javaapplication22/Transaksi.java</file>
            <file>file:/D:/JAVA/JavaApplication22/src/javaapplication22/Pembayaran.java</file>
            <file>file:/D:/JAVA/JavaApplication22/src/javaapplication22/LoginAdmin.java</file>
            <file>file:/D:/JAVA/JavaApplication22/src/javaapplication22/InputMenu.java</file>
            <file>file:/D:/JAVA/JavaApplication22/src/javaapplication22/MenuAdmin.java</file>
        </group>
    </open-files>
</project-private>
